iter,loss,grad_norm,grad_nan,status,final_obj_pos
0,0.002913380740210414,0.0,0,ok,"[0.046057336032390594, 3.934990111531533e-09, 0.023110689595341682]"
