iter,loss,grad_norm,grad_nan,status,final_obj_pos
0,0.0029318789020180702,0.0,0,ok,"[0.04588654637336731, 2.8473078117485784e-08, 0.02309928461909294]"
