{
  "shape": [
    30,
    9
  ],
  "qvel": [
    [
      -0.00019841705216094851,
      -0.01888195052742958,
      -0.00022222439292818308,
      -0.0193218681961298,
      0.00023699640587437898,
      0.014249695464968681,
      0.00023639241408091038,
      0.01998439058661461,
      0.01998438872396946
    ],
    [
      -0.00024341410608030856,
      -0.018881864845752716,
      -0.00022211202303878963,
      -0.0193219892680645,
      0.00022571091540157795,
      0.014251403510570526,
      0.00023657630663365126,
      0.01998438872396946,
      0.01998438686132431
    ],
    [
      0.00022529751004185528,
      -0.018881781026721,
      -0.00023156488896347582,
      -0.01932210475206375,
      -0.00023529378813691437,
      0.014253118075430393,
      0.0002350596187170595,
      0.01998439058661461,
      0.01998438872396946
    ],
    [
      -0.0002502417773939669,
      -0.018881691619753838,
      -0.00024128348741214722,
      -0.019322222098708153,
      0.0002601935702841729,
      0.01425482239574194,
      0.00025747204199433327,
      0.01998438872396946,
      0.01998438872396946
    ],
    [
      0.00019962125224992633,
      -0.018881605938076973,
      -0.0002307312679477036,
      -0.019322345033288002,
      -0.00021463926532305777,
      0.014256532303988934,
      0.00023586420866195112,
      0.01998438872396946,
      0.01998438872396946
    ],
    [
      0.00023516004148405045,
      -0.01888151839375496,
      -0.0002361228398513049,
      -0.019322462379932404,
      -0.00023547009914182127,
      0.014258239418268204,
      0.00023647262423764914,
      0.01998438872396946,
      0.01998438872396946
    ],
    [
      -9.923802281264216e-05,
      -0.018881434574723244,
      -0.00022007603547535837,
      -0.019322579726576805,
      0.00023609481286257505,
      0.014259950257837772,
      0.00023564707953482866,
      0.01998439058661461,
      0.01998438872396946
    ],
    [
      5.435244383988902e-05,
      -0.01888134516775608,
      -0.000238219799939543,
      -0.019322698935866356,
      0.00023555710504297167,
      0.014261653646826744,
      0.00023446294653695077,
      0.01998439058661461,
      0.01998438686132431
    ],
    [
      0.00022443760826718062,
      -0.018881257623434067,
      -0.00023101703845895827,
      -0.019322820007801056,
      -0.0002351365255890414,
      0.014263357035815716,
      0.0002350349532207474,
      0.01998438872396946,
      0.01998438872396946
    ],
    [
      -0.00016974567552097142,
      -0.0188811756670475,
      -0.00022359893773682415,
      -0.019322935491800308,
      0.00023625219182576984,
      0.014265059493482113,
      0.00023560295812785625,
      0.01998439058661461,
      0.01998438872396946
    ],
    [
      2.130972279701382e-05,
      -0.018881088122725487,
      -0.0002163503086194396,
      -0.01932305283844471,
      0.00023594828962814063,
      0.01426676381379366,
      0.00023564982984680682,
      0.01998439058661461,
      0.01998438872396946
    ],
    [
      -0.00018487099441699684,
      -0.018880998715758324,
      -0.0002253515849588439,
      -0.01932317577302456,
      0.00023633913951925933,
      0.014268464408814907,
      0.0002356180630158633,
      0.01998439058661461,
      0.01998438872396946
    ],
    [
      -0.00020825401588808745,
      -0.01888091303408146,
      -0.0001688722986727953,
      -0.01932329311966896,
      0.000242435751715675,
      0.014270165003836155,
      0.00023614057863596827,
      0.01998439058661461,
      0.01998438686132431
    ],
    [
      0.00023351766867563128,
      -0.018880825489759445,
      -0.00023643500753678381,
      -0.019323410466313362,
      -0.00023617400438524783,
      0.01427185907959938,
      0.0002361193037359044,
      0.01998438872396946,
      0.01998438872396946
    ],
    [
      0.00025740056298673153,
      -0.01888074167072773,
      -0.00025751814246177673,
      -0.019323529675602913,
      -0.00025600119261071086,
      0.014273555018007755,
      0.00025748903863132,
      0.01998439058661461,
      0.01998438872396946
    ],
    [
      -0.0002417825162410736,
      -0.01888597570359707,
      -5.599028372671455e-05,
      -0.019385922700166702,
      -0.0001297744020121172,
      0.014223610050976276,
      -0.00017733164713717997,
      1.518784999847412,
      1.518784999847412
    ],
    [
      -4.608192830346525e-05,
      -0.018884172663092613,
      -5.274932482279837e-05,
      -0.01940053328871727,
      8.738366886973381e-05,
      0.01458611711859703,
      -0.00010256131645292044,
      1.5194183588027954,
      1.5194183588027954
    ],
    [
      -0.0002598146675154567,
      -0.018874844536185265,
      -0.00011558475671336055,
      -0.019271157681941986,
      -9.813981159823015e-05,
      0.01533817034214735,
      -8.777854236541316e-05,
      1.5200084447860718,
      1.5200084447860718
    ],
    [
      -0.0001967001735465601,
      -0.018877457827329636,
      -0.00011656712740659714,
      -0.0192691870033741,
      -0.00014468689914792776,
      0.015473543666303158,
      -7.376931171165779e-05,
      1.5200079679489136,
      1.5200079679489136
    ],
    [
      0.00024777077487669885,
      -0.018879009410738945,
      2.7363421395421028e-05,
      -0.01927662454545498,
      -0.00011412533058319241,
      0.01547009963542223,
      -9.1834161139559e-05,
      1.5200079679489136,
      1.5200079679489136
    ],
    [
      0.00023036210041027516,
      -0.018879961222410202,
      -0.00024884662707336247,
      -0.01928357407450676,
      -0.00012247350241523236,
      0.01539658010005951,
      -8.684371277922764e-05,
      1.520007848739624,
      1.520007848739624
    ],
    [
      -0.0002565027098171413,
      -0.018880601972341537,
      -0.00024310262233484536,
      -0.019267648458480835,
      -3.9525897591374815e-05,
      0.015340534038841724,
      -0.0001544144470244646,
      1.520007848739624,
      1.520007848739624
    ],
    [
      -0.0002402450336376205,
      -0.018879519775509834,
      1.1273536074440926e-05,
      -0.019290123134851456,
      -0.0001411147677572444,
      0.01464857067912817,
      0.00025361758889630437,
      1.520007610321045,
      1.520007610321045
    ],
    [
      -0.0001476673351135105,
      -0.018879950046539307,
      -0.00012010589125566185,
      -0.01932460255920887,
      2.79425221378915e-05,
      0.014288115315139294,
      0.000251543999183923,
      1.5200073719024658,
      1.5200073719024658
    ],
    [
      -0.00013659102842211723,
      -0.01887986995279789,
      -0.00012070451339241117,
      -0.01932471990585327,
      4.2162158933933824e-05,
      0.014289806596934795,
      0.00025361182633787394,
      1.5200071334838867,
      1.5200071334838867
    ],
    [
      -7.190855831140652e-05,
      -0.018879778683185577,
      -5.754901940235868e-05,
      -0.019324839115142822,
      0.0001660935813561082,
      0.014291488565504551,
      0.0002513467916287482,
      1.5200070142745972,
      1.5200070142745972
    ],
    [
      -0.00010212309280177578,
      -0.018879693001508713,
      -8.473353955196217e-05,
      -0.019324960187077522,
      0.0001688241318333894,
      0.014293174259364605,
      0.00025288559845648706,
      1.520006775856018,
      1.520006775856018
    ],
    [
      -3.401747380848974e-05,
      -0.018879607319831848,
      3.242694947402924e-05,
      -0.019325077533721924,
      9.409993072040379e-05,
      0.014294855296611786,
      0.0002525741874706,
      1.5200066566467285,
      1.5200066566467285
    ],
    [
      -2.8046168154105544e-05,
      -0.018879830837249756,
      2.9687347705475986e-05,
      -0.01933060958981514,
      0.00010461336933076382,
      0.01428957749158144,
      0.00025253157946281135,
      1.5200064182281494,
      1.5200064182281494
    ],
    [
      -5.6023214710876346e-05,
      -0.018881792202591896,
      5.825528205605224e-05,
      -0.019369620829820633,
