iter,loss,grad_norm,grad_nan,status
0,0.004732254892587662,0.1375827735232527,0,ok
1,0.004453097935765982,0.13346307258213386,0,ok
2,0.004184816498309374,0.12938031532361288,0,ok
