{
  "shape": [
    30,
    9
  ],
  "qvel": [
    [
      0.00022029395040590316,
      -0.018882082775235176,
      0.0002507625031284988,
      -0.019321821630001068,
      -0.0002578431158326566,
      0.014253542758524418,
      -0.0002545031311456114,
      0.01998438872396946,
      0.01998438872396946
    ],
    [
      0.00021775404457002878,
      -0.018881993368268013,
      0.0002504680887795985,
      -0.019321942701935768,
      -0.00025785062462091446,
      0.014255243353545666,
      -0.00025451104738749564,
      0.01998438872396946,
      0.01998438872396946
    ],
    [
      0.00025025877403095365,
      -0.018881905823946,
      0.0002412602916592732,
      -0.019322063773870468,
      -0.00026018611970357597,
      0.014256952330470085,
      -0.00025747192557901144,
      0.01998438872396946,
      0.01998438872396946
    ],
    [
      0.00025866369833238423,
      -0.018881822004914284,
      -0.00025191117310896516,
      -0.01932217739522457,
      -0.00025390012888237834,
      0.014258653856813908,
      -0.000257034320384264,
      0.01998439058661461,
      0.01998438872396946
    ],
    [
      -0.0001251275825779885,
      -0.01888173259794712,
      0.00026946631260216236,
      -0.019322296604514122,
      -0.00025752477813512087,
      0.014260366559028625,
      -0.00025264089345000684,
      0.01998438872396946,
      0.01998439058661461
    ],
    [
      -0.00015043365419842303,
      -0.018881645053625107,
      0.00026818300830200315,
      -0.019322413951158524,
      -0.00025752949295565486,
      0.014262069948017597,
      -0.00025265818112529814,
      0.01998438872396946,
      0.01998439058661461
    ],
    [
      -0.00014974740042816848,
      -0.018881559371948242,
      0.0002682222693692893,
      -0.019322533160448074,
      -0.0002575304824858904,
      0.014263776130974293,
      -0.00025266033480875194,
      0.01998438872396946,
      0.01998439058661461
    ],
    [
      0.000255277642281726,
      -0.018881475552916527,
      0.0002563501475378871,
      -0.019322652369737625,
      -0.00025664971326477826,
      0.014265477657318115,
      -0.0002541459398344159,
      0.01998438872396946,
      0.01998438872396946
    ],
    [
      0.0002547616313677281,
      -0.018881388008594513,
      0.00025671717594377697,
      -0.019322769716382027,
      -0.00025636295322328806,
      0.014267180114984512,
      -0.00025227534933947027,
      0.01998438872396946,
      0.01998438872396946
    ],
    [
      0.00021749033476226032,
      -0.01888130232691765,
      0.0002498154353816062,
      -0.019322888925671577,
      -0.0002579434076324105,
      0.014268876984715462,
      -0.00025601426023058593,
      0.01998438872396946,
      0.01998438872396946
    ],
    [
      -0.0002541078138165176,
      -0.018881212919950485,
      0.00025772504159249365,
      -0.01932300440967083,
      0.0002550928620621562,
      0.014270582236349583,
      -0.00025301819550804794,
      0.01998438872396946,
      0.01998439058661461
    ],
    [
      8.977805555332452e-05,
      -0.01888112910091877,
      0.00024190662952605635,
      -0.019323129206895828,
      -0.0002579021966084838,
      0.014272276312112808,
      -0.0002545062452554703,
      0.01998438872396946,
      0.01998438872396946
    ],
    [
      0.00025472123525105417,
      -0.018881041556596756,
      0.00025670367176644504,
      -0.01932324469089508,
      -0.00025639167870394886,
      0.014273970387876034,
      -0.0002522917930036783,
      0.01998438872396946,
      0.01998438872396946
    ],
    [
      0.0002551251382101327,
      -0.018880952149629593,
      0.00025628949515521526,
      -0.019323362037539482,
      -0.00025675861979834735,
      0.014275665394961834,
      -0.00025415036361664534,
      0.01998438872396946,
      0.01998438872396946
    ],
    [
      0.00024935559486038983,
      -0.018880872055888176,
      0.0002464362478349358,
      -0.019323483109474182,
      -0.0002594576508272439,
      0.014277363196015358,
      -0.00025745603488758206,
      0.01998438872396946,
      0.01998439058661461
    ],
    [
      0.0002387091371929273,
      -0.018880780786275864,
      0.0002554139937274158,
      -0.019323602318763733,
      -0.00010009537072619423,
      0.014279055409133434,
      -0.0002563186571933329,
      1.518784999847412,
      1.518784999847412
    ],
    [
      -0.00024710193974897265,
      -0.018880695104599,
      0.0002528317563701421,
      -0.019323719665408134,
      0.00022357093985192478,
      0.01428074948489666,
      -0.00019243589485995471,
      1.5194183588027954,
      1.5194183588027954
    ],
    [
      0.00026068012812174857,
      -0.018880609422922134,
      -0.00022675232321489602,
      -0.019323837012052536,
      9.983393829315901e-05,
      0.01428244262933731,
      -0.0002406176208751276,
      1.5200084447860718,
      1.5200084447860718
    ],
    [
      0.0002575271064415574,
      -0.01888052187860012,
      -0.00025806526537053287,
      -0.019323956221342087,
      0.00025165785336866975,
      0.014284124597907066,
      -0.00014015073247719556,
      1.5200080871582031,
      1.5200080871582031
    ],
    [
      0.00024991834652610123,
      -0.018880438059568405,
      -0.00025703548453748226,
      -0.019324077293276787,
      0.00019132335728500038,
      0.014285821467638016,
      -0.00017097200907301158,
      1.5200079679489136,
      1.5200079679489136
    ],
    [
      -0.000257093837717548,
      -0.018880348652601242,
      0.00024928024504333735,
      -0.01932419463992119,
      -0.00024457555264234543,
      0.01428750716149807,
      0.00013807204959448427,
      1.520007848739624,
      1.520007848739624
    ],
    [
      0.00024761262466199696,
      -0.018880262970924377,
      -0.0002245190553367138,
      -0.01932431571185589,
      -0.00023814344604033977,
      0.014289192855358124,
      -0.00021673353330697864,
      1.520007848739624,
      1.520007848739624
    ],
    [
      0.00025273693609051406,
      -0.018880179151892662,
      -0.0002307362447027117,
      -0.01932443305850029,
      -0.0002500117407180369,
      0.014290881343185902,
      -0.00022780979634262621,
      1.520007610321045,
      1.520007610321045
    ],
    [
      -0.0002492924686521292,
      -0.018880091607570648,
      0.00021261013171169907,
      -0.01932455226778984,
      -0.000254182203207165,
      0.014292566105723381,
      0.00023708291701041162,
      1.5200073719024658,
      1.5200073719024658
    ],
    [
      -0.0002556463296059519,
      -0.018880005925893784,
      0.00023811838764231652,
      -0.01932467520236969,
      -0.0002482334093656391,
      0.014294248074293137,
      0.00021571345860138535,
      1.5200071334838867,
      1.5200071334838867
    ],
    [
      0.000255270570050925,
      -0.01887991838157177,
      -0.0002522897266317159,
      -0.019324788823723793,
      0.00021258601918816566,
      0.014295932836830616,
      0.0001763579493854195,
      1.5200071334838867,
      1.5200071334838867
    ],
    [
      0.00025808296049945056,
      -0.018879832699894905,
      -0.0002504889853298664,
      -0.019324909895658493,
      -0.00025068523245863616,
      0.014297614805400372,
      -0.0001810909598134458,
      1.5200066566467285,
      1.5200066566467285
    ],
    [
      0.00025232863845303655,
      -0.01887974515557289,
      -0.00024754516198299825,
      -0.019325029104948044,
      0.00023282675829250365,
      0.014299298636615276,
      7.5866119004786015e-06,
      1.5200066566467285,
      1.5200066566467285
    ],
    [
      -0.0002526674070395529,
      -0.018879661336541176,
      0.00023550934565719217,
      -0.019325146451592445,
      -0.00021123445185367018,
      0.014300976879894733,
      0.00020826488616876304,
      1.520006537437439,
      1.520006537437439
    ],
    [
      -0.00025604761322028935,
      -0.018879573792219162,
      0.0002526339958421886,
